	Afghanistan	Albania	Algeria	Andorra	Angola	Antigua and Barbuda	Argentina	Armenia	Australia	Austria	Azerbaijan	Bahamas	Bahrain	Bangladesh	Barbados	Belarus	Belgium	Belize	Benin	Bhutan	Bolivia	Bosnia and Herzegovina	Botswana	Brazil	Brunei	Bulgaria	Burkina Faso	Burma	Burundi	Cabo Verde	Cambodia	Cameroon	Canada	Central African Republic	Chad	Chile	China	Colombia	Congo (Brazzaville)	Congo (Kinshasa)	Costa Rica	Cote d'Ivoire	Croatia	Cuba	Cyprus	Czechia	Denmark	Diamond Princess	Djibouti	Dominica	Dominican Republic	Ecuador	Egypt	El Salvador	Equatorial Guinea	Eritrea	Estonia	Eswatini	Ethiopia	Fiji	Finland	France	Gabon	Gambia	Georgia	Germany	Ghana	Greece	Grenada	Guatemala	Guinea	Guinea-Bissau	Guyana	Haiti	Holy See	Honduras	Hungary	Iceland	India	Indonesia	Iran	Iraq	Ireland	Israel	Italy	Jamaica	Japan	Jordan	Kazakhstan	Kenya	Korea, South	Kosovo	Kuwait	Kyrgyzstan	Laos	Latvia	Lebanon	Liberia	Libya	Liechtenstein	Lithuania	Luxembourg	MS Zaandam	Madagascar	Malawi	Malaysia	Maldives	Mali	Malta	Mauritania	Mauritius	Mexico	Moldova	Monaco	Mongolia	Montenegro	Morocco	Mozambique	Namibia	Nepal	Netherlands	New Zealand	Nicaragua	Niger	Nigeria	North Macedonia	Norway	Oman	Pakistan	Panama	Papua New Guinea	Paraguay	Peru	Philippines	Poland	Portugal	Qatar	Romania	Russia	Rwanda	Saint Kitts and Nevis	Saint Lucia	Saint Vincent and the Grenadines	San Marino	Saudi Arabia	Senegal	Serbia	Seychelles	Sierra Leone	Singapore	Slovakia	Slovenia	Somalia	South Africa	Spain	Sri Lanka	Sudan	Suriname	Sweden	Switzerland	Syria	Taiwan*	Tanzania	Thailand	Timor-Leste	Togo	Trinidad and Tobago	Tunisia	Turkey	US	Uganda	Ukraine	United Arab Emirates	United Kingdom	Uruguay	Uzbekistan	Venezuela	Vietnam	West Bank and Gaza	Zambia	Zimbabwe	date
1/22/20	0	0	0	0	0	0	0	0	0	0	0	0	0	0	0	0	0	0	0	0	0	0	0	0	0	0	0	0	0	0	0	0	0	0	0	0	28	0	0	0	0	0	0	0	0	0	0	0	0	0	0	0	0	0	0	0	0	0	0	0	0	0	0	0	0	0	0	0	0	0	0	0	0	0	0	0	0	0	0	0	0	0	0	0	0	0	0	0	0	0	0	0	0	0	0	0	0	0	0	0	0	0	0	0	0	0	0	0	0	0	0	0	0	0	0	0	0	0	0	0	0	0	0	0	0	0	0	0	0	0	0	0	0	0	0	0	0	0	0	0	0	0	0	0	0	0	0	0	0	0	0	0	0	0	0	0	0	0	0	0	0	0	0	0	0	0	0	0	0	0	0	0	0	0	0	0	0	0	0	0	0	2020-01-22
1/23/20	0	0	0	0	0	0	0	0	0	0	0	0	0	0	0	0	0	0	0	0	0	0	0	0	0	0	0	0	0	0	0	0	0	0	0	0	30	0	0	0	0	0	0	0	0	0	0	0	0	0	0	0	0	0	0	0	0	0	0	0	0	0	0	0	0	0	0	0	0	0	0	0	0	0	0	0	0	0	0	0	0	0	0	0	0	0	0	0	0	0	0	0	0	0	0	0	0	0	0	0	0	0	0	0	0	0	0	0	0	0	0	0	0	0	0	0	0	0	0	0	0	0	0	0	0	0	0	0	0	0	0	0	0	0	0	0	0	0	0	0	0	0	0	0	0	0	0	0	0	0	0	0	0	0	0	0	0	0	0	0	0	0	0	0	0	0	0	0	0	0	0	0	0	0	0	0	0	0	0	0	0	2020-01-23
1/24/20	0	0	0	0	0	0	0	0	0	0	0	0	0	0	0	0	0	0	0	0	0	0	0	0	0	0	0	0	0	0	0	0	0	0	0	0	36	0	0	0	0	0	0	0	0	0	0	0	0	0	0	0	0	0	0	0	0	0	0	0	0	0	0	0	0	0	0	0	0	0	0	0	0	0	0	0	0	0	0	0	0	0	0	0	0	0	0	0	0	0	0	0	0	0	0	0	0	0	0	0	0	0	0	0	0	0	0	0	0	0	0	0	0	0	0	0	0	0	0	0	0	0	0	0	0	0	0	0	0	0	0	0	0	0	0	0	0	0	0	0	0	0	0	0	0	0	0	0	0	0	0	0	0	0	0	0	0	0	0	0	0	0	0	0	0	0	0	0	0	0	0	0	0	0	0	0	0	0	0	0	0	2020-01-24
1/25/20	0	0	0	0	0	0	0	0	0	0	0	0	0	0	0	0	0	0	0	0	0	0	0	0	0	0	0	0	0	0	0	0	0	0	0	0	39	0	0	0	0	0	0	0	0	0	0	0	0	0	0	0	0	0	0	0	0	0	0	0	0	0	0	0	0	0	0	0	0	0	0	0	0	0	0	0	0	0	0	0	0	0	0	0	0	0	0	0	0	0	0	0	0	0	0	0	0	0	0	0	0	0	0	0	0	0	0	0	0	0	0	0	0	0	0	0	0	0	0	0	0	0	0	0	0	0	0	0	0	0	0	0	0	0	0	0	0	0	0	0	0	0	0	0	0	0	0	0	0	0	0	0	0	0	0	0	0	0	0	0	0	0	0	0	0	0	0	0	0	0	0	0	0	0	0	0	0	0	0	0	0	2020-01-25
1/26/20	0	0	0	0	0	0	0	0	0	0	0	0	0	0	0	0	0	0	0	0	0	0	0	0	0	0	0	0	0	0	0	0	0	0	0	0	49	0	0	0	0	0	0	0	0	0	0	0	0	0	0	0	0	0	0	0	0	0	0	0	0	0	0	0	0	0	0	0	0	0	0	0	0	0	0	0	0	0	0	0	0	0	0	0	0	0	1	0	0	0	0	0	0	0	0	0	0	0	0	0	0	0	0	0	0	0	0	0	0	0	0	0	0	0	0	0	0	0	0	0	0	0	0	0	0	0	0	0	0	0	0	0	0	0	0	0	0	0	0	0	0	0	0	0	0	0	0	0	0	0	0	0	0	0	0	0	0	0	0	0	0	0	0	2	0	0	0	0	0	0	0	0	0	0	0	0	0	0	0	0	0	2020-01-26
1/27/20	0	0	0	0	0	0	0	0	0	0	0	0	0	0	0	0	0	0	0	0	0	0	0	0	0	0	0	0	0	0	0	0	0	0	0	0	58	0	0	0	0	0	0	0	0	0	0	0	0	0	0	0	0	0	0	0	0	0	0	0	0	0	0	0	0	0	0	0	0	0	0	0	0	0	0	0	0	0	0	0	0	0	0	0	0	0	1	0	0	0	0	0	0	0	0	0	0	0	0	0	0	0	0	0	0	0	0	0	0	0	0	0	0	0	0	0	0	0	0	0	0	0	0	0	0	0	0	0	0	0	0	0	0	0	0	0	0	0	0	0	0	0	0	0	0	0	0	0	0	0	0	0	0	0	0	0	0	0	0	0	0	0	0	2	0	0	0	0	0	0	0	0	0	0	0	0	0	0	0	0	0	2020-01-27
1/28/20	0	0	0	0	0	0	0	0	0	0	0	0	0	0	0	0	0	0	0	0	0	0	0	0	0	0	0	0	0	0	0	0	0	0	0	0	101	0	0	0	0	0	0	0	0	0	0	0	0	0	0	0	0	0	0	0	0	0	0	0	0	0	0	0	0	0	0	0	0	0	0	0	0	0	0	0	0	0	0	0	0	0	0	0	0	0	1	0	0	0	0	0	0	0	0	0	0	0	0	0	0	0	0	0	0	0	0	0	0	0	0	0	0	0	0	0	0	0	0	0	0	0	0	0	0	0	0	0	0	0	0	0	0	0	0	0	0	0	0	0	0	0	0	0	0	0	0	0	0	0	0	0	0	0	0	0	0	0	0	0	0	0	0	5	0	0	0	0	0	0	0	0	0	0	0	0	0	0	0	0	0	2020-01-28
1/29/20	0	0	0	0	0	0	0	0	0	0	0	0	0	0	0	0	0	0	0	0	0	0	0	0	0	0	0	0	0	0	0	0	0	0	0	0	120	0	0	0	0	0	0	0	0	0	0	0	0	0	0	0	0	0	0	0	0	0	0	0	0	0	0	0	0	0	0	0	0	0	0	0	0	0	0	0	0	0	0	0	0	0	0	0	0	0	1	0	0	0	0	0	0	0	0	0	0	0	0	0	0	0	0	0	0	0	0	0	0	0	0	0	0	0	0	0	0	0	0	0	0	0	0	0	0	0	0	0	0	0	0	0	0	0	0	0	0	0	0	0	0	0	0	0	0	0	0	0	0	0	0	0	0	0	0	0	0	0	0	0	0	0	0	5	0	0	0	0	0	0	0	0	0	0	0	0	0	0	0	0	0	2020-01-29
1/30/20	0	0	0	0	0	0	0	0	2	0	0	0	0	0	0	0	0	0	0	0	0	0	0	0	0	0	0	0	0	0	0	0	0	0	0	0	135	0	0	0	0	0	0	0	0	0	0	0	0	0	0	0	0	0	0	0	0	0	0	0	0	0	0	0	0	0	0	0	0	0	0	0	0	0	0	0	0	0	0	0	0	0	0	0	0	0	1	0	0	0	0	0	0	0	0	0	0	0	0	0	0	0	0	0	0	0	0	0	0	0	0	0	0	0	0	0	0	0	0	0	0	0	0	0	0	0	0	0	0	0	0	0	0	0	0	0	0	0	0	0	0	0	0	0	0	0	0	0	0	0	0	0	0	0	0	0	0	0	0	0	0	0	0	5	0	0	0	0	0	0	0	0	0	0	0	0	0	0	0	0	0	2020-01-30
1/31/20	0	0	0	0	0	0	0	0	2	0	0	0	0	0	0	0	0	0	0	0	0	0	0	0	0	0	0	0	0	0	0	0	0	0	0	0	214	0	0	0	0	0	0	0	0	0	0	0	0	0	0	0	0	0	0	0	0	0	0	0	0	0	0	0	0	0	0	0	0	0	0	0	0	0	0	0	0	0	0	0	0	0	0	0	0	0	1	0	0	0	0	0	0	0	0	0	0	0	0	0	0	0	0	0	0	0	0	0	0	0	0	0	0	0	0	0	0	0	0	0	0	0	0	0	0	0	0	0	0	0	0	0	0	0	0	0	0	0	0	0	0	0	0	0	0	0	0	0	0	0	0	0	0	0	0	0	0	0	0	0	0	0	0	5	0	0	0	0	0	0	0	0	0	0	0	0	0	0	0	0	0	2020-01-31
2/1/20	0	0	0	0	0	0	0	0	2	0	0	0	0	0	0	0	0	0	0	0	0	0	0	0	0	0	0	0	0	0	0	0	0	0	0	0	275	0	0	0	0	0	0	0	0	0	0	0	0	0	0	0	0	0	0	0	0	0	0	0	0	0	0	0	0	0	0	0	0	0	0	0	0	0	0	0	0	0	0	0	0	0	0	0	0	0	1	0	0	0	0	0	0	0	0	0	0	0	0	0	0	0	0	0	0	0	0	0	0	0	0	0	0	0	0	0	0	0	0	0	0	0	0	0	0	0	0	0	0	0	0	0	0	0	0	0	0	0	0	0	0	0	0	0	0	0	0	0	0	0	0	0	0	0	0	0	0	0	0	0	0	0	0	5	0	0	0	0	0	0	0	0	0	0	0	0	0	1	0	0	0	2020-02-01
2/2/20	0	0	0	0	0	0	0	0	2	0	0	0	0	0	0	0	0	0	0	0	0	0	0	0	0	0	0	0	0	0	0	0	0	0	0	0	463	0	0	0	0	0	0	0	0	0	0	0	0	0	0	0	0	0	0	0	0	0	0	0	0	0	0	0	0	0	0	0	0	0	0	0	0	0	0	0	0	0	0	0	0	0	0	0	0	0	1	0	0	0	0	0	0	0	0	0	0	0	0	0	0	0	0	0	0	0	0	0	0	0	0	0	0	0	0	0	0	0	0	0	0	0	0	0	0	0	0	0	0	0	0	0	0	0	0	0	0	0	0	0	0	0	0	0	0	0	0	0	0	0	0	0	0	0	0	0	0	0	0	0	0	0	0	5	0	0	0	0	0	0	0	0	0	0	0	0	0	1	0	0	0	2020-02-02
2/3/20	0	0	0	0	0	0	0	0	2	0	0	0	0	0	0	0	0	0	0	0	0	0	0	0	0	0	0	0	0	0	0	0	0	0	0	0	614	0	0	0	0	0	0	0	0	0	0	0	0	0	0	0	0	0	0	0	0	0	0	0	0	0	0	0	0	0	0	0	0	0	0	0	0	0	0	0	0	0	0	0	0	0	0	0	0	0	1	0	0	0	0	0	0	0	0	0	0	0	0	0	0	0	0	0	0	0	0	0	0	0	0	0	0	0	0	0	0	0	0	0	0	0	0	0	0	0	0	0	0	0	0	0	0	0	0	0	0	0	0	0	0	0	0	0	0	0	0	0	0	0	0	0	0	0	0	0	0	0	0	0	0	0	0	5	0	0	0	0	0	0	0	0	0	0	0	0	0	1	0	0	0	2020-02-03
2/4/20	0	0	0	0	0	0	0	0	2	0	0	0	0	0	0	0	0	0	0	0	0	0	0	0	0	0	0	0	0	0	0	0	0	0	0	0	843	0	0	0	0	0	0	0	0	0	0	0	0	0	0	0	0	0	0	0	0	0	0	0	0	0	0	0	0	0	0	0	0	0	0	0	0	0	0	0	0	0	0	0	0	0	0	0	0	0	1	0	0	0	0	0	0	0	0	0	0	0	0	0	0	0	0	0	0	0	0	0	0	0	0	0	0	0	0	0	0	0	0	0	0	0	0	0	0	0	0	0	0	0	0	0	0	0	0	0	0	0	0	0	0	0	0	0	0	0	0	0	0	0	0	0	0	0	0	0	0	0	0	0	0	0	0	5	0	0	0	0	0	0	0	0	0	0	0	0	0	1	0	0	0	2020-02-04
2/5/20	0	0	0	0	0	0	0	0	2	0	0	0	0	0	0	0	0	0	0	0	0	0	0	0	0	0	0	0	0	0	0	0	0	0	0	0	1115	0	0	0	0	0	0	0	0	0	0	0	0	0	0	0	0	0	0	0	0	0	0	0	0	0	0	0	0	0	0	0	0	0	0	0	0	0	0	0	0	0	0	0	0	0	0	0	0	0	1	0	0	0	0	0	0	0	0	0	0	0	0	0	0	0	0	0	0	0	0	0	0	0	0	0	0	0	0	0	0	0	0	0	0	0	0	0	0	0	0	0	0	0	0	0	0	0	0	0	0	0	0	0	0	0	0	0	0	0	0	0	0	0	0	0	0	0	0	0	0	0	0	0	0	0	0	5	0	0	0	0	0	0	0	0	0	0	0	0	0	1	0	0	0	2020-02-05
2/6/20	0	0	0	0	0	0	0	0	2	0	0	0	0	0	0	0	0	0	0	0	0	0	0	0	0	0	0	0	0	0	0	0	0	0	0	0	1477	0	0	0	0	0	0	0	0	0	0	0	0	0	0	0	0	0	0	0	0	0	0	0	0	0	0	0	0	0	0	0	0	0	0	0	0	0	0	0	0	0	0	0	0	0	0	0	0	0	1	0	0	0	0	0	0	0	0	0	0	0	0	0	0	0	0	0	0	0	0	0	0	0	0	0	0	0	0	0	0	0	0	0	0	0	0	0	0	0	0	0	0	0	0	0	0	0	0	0	0	0	0	0	0	0	0	0	0	0	0	0	0	0	0	0	0	0	0	0	0	0	0	0	0	1	0	5	0	0	0	0	0	0	0	0	0	0	0	0	0	1	0	0	0	2020-02-06
2/7/20	0	0	0	0	0	0	0	0	2	0	0	0	0	0	0	0	0	0	0	0	0	0	0	0	0	0	0	0	0	0	0	0	0	0	0	0	1999	0	0	0	0	0	0	0	0	0	0	0	0	0	0	0	0	0	0	0	0	0	0	0	0	0	0	0	0	0	0	0	0	0	0	0	0	0	0	0	0	0	0	0	0	0	0	0	0	0	1	0	0	0	1	0	0	0	0	0	0	0	0	0	0	0	0	0	0	1	0	0	0	0	0	0	0	0	0	0	0	0	0	0	0	0	0	0	0	0	0	0	0	0	0	0	0	0	0	0	0	0	0	0	0	0	0	0	0	0	0	0	0	0	0	0	0	0	0	0	0	0	0	0	0	1	0	5	0	0	0	0	0	0	0	0	0	0	0	0	0	1	0	0	0	2020-02-07
2/8/20	0	0	0	0	0	0	0	0	2	0	0	0	0	0	0	0	0	0	0	0	0	0	0	0	0	0	0	0	0	0	0	0	0	0	0	0	2596	0	0	0	0	0	0	0	0	0	0	0	0	0	0	0	0	0	0	0	0	0	0	0	0	0	0	0	0	0	0	0	0	0	0	0	0	0	0	0	0	0	0	0	0	0	0	0	0	0	1	0	0	0	1	0	0	0	0	0	0	0	0	0	0	0	0	0	0	1	0	0	0	0	0	0	0	0	0	0	0	0	0	0	0	0	0	0	0	0	0	0	0	0	0	0	0	0	0	0	0	0	0	0	0	0	0	0	0	0	0	0	0	2	0	0	0	0	0	1	0	0	0	0	0	1	0	10	0	0	0	0	0	0	0	0	0	0	0	0	0	1	0	0	0	2020-02-08
2/9/20	0	0	0	0	0	0	0	0	2	0	0	0	0	0	0	0	0	0	0	0	0	0	0	0	0	0	0	0	0	0	0	0	0	0	0	0	3219	0	0	0	0	0	0	0	0	0	0	0	0	0	0	0	0	0	0	0	0	0	0	0	0	0	0	0	0	0	0	0	0	0	0	0	0	0	0	0	0	0	0	0	0	0	0	0	0	0	1	0	0	0	3	0	0	0	0	0	0	0	0	0	0	0	0	0	0	1	0	0	0	0	0	0	0	0	0	0	0	0	0	0	0	0	0	0	0	0	0	0	0	0	0	0	0	0	0	0	0	0	0	0	0	0	0	0	0	0	0	0	0	2	0	0	0	0	0	1	0	0	0	0	0	1	0	10	0	0	0	0	0	3	0	0	0	0	0	0	0	1	0	0	0	2020-02-09
2/10/20	0	0	0	0	0	0	0	0	2	0	0	0	0	0	0	0	0	0	0	0	0	0	0	0	0	0	0	0	0	0	0	0	0	0	0	0	3918	0	0	0	0	0	0	0	0	0	0	0	0	0	0	0	0	0	0	0	0	0	0	0	0	0	0	0	0	0	0	0	0	0	0	0	0	0	0	0	0	0	0	0	0	0	0	0	0	0	4	0	0	0	3	0	0	0	0	0	0	0	0	0	0	0	0	0	0	1	0	0	0	0	0	0	0	0	0	0	0	0	0	0	0	0	0	0	0	0	0	0	0	0	0	0	0	0	0	0	0	0	0	0	0	0	0	0	0	0	0	0	0	2	0	0	0	0	0	1	0	0	0	0	0	1	0	10	0	0	0	0	0	3	0	0	0	0	0	0	0	1	0	0	0	2020-02-10
2/11/20	0	0	0	0	0	0	0	0	2	0	0	0	0	0	0	0	0	0	0	0	0	0	0	0	0	0	0	0	0	0	0	0	0	0	0	0	4636	0	0	0	0	0	0	0	0	0	0	0	0	0	0	0	0	0	0	0	0	0	0	0	0	0	0	0	0	0	0	0	0	0	0	0	0	0	0	0	0	0	0	0	0	0	0	0	0	0	9	0	0	0	3	0	0	0	0	0	0	0	0	0	0	0	0	0	0	3	0	0	0	0	0	0	0	0	0	0	0	0	0	0	0	0	0	0	0	0	0	0	0	0	0	0	0	0	0	0	0	0	0	0	0	0	0	0	0	0	0	0	0	9	0	0	0	0	0	1	0	0	0	0	0	1	0	10	0	0	0	0	0	3	0	0	0	0	0	0	0	6	0	0	0	2020-02-11
2/12/20	0	0	0	0	0	0	0	0	2	0	0	0	0	0	0	0	0	0	0	0	0	0	0	0	0	0	0	0	0	0	1	0	1	0	0	0	5082	0	0	0	0	0	0	0	0	0	0	0	0	0	0	0	0	0	0	0	0	0	0	0	1	2	0	0	0	0	0	0	0	0	0	0	0	0	0	0	0	0	0	0	0	0	0	0	0	0	9	0	0	0	7	0	0	0	0	0	0	0	0	0	0	0	0	0	0	3	0	0	0	0	0	0	0	0	0	0	0	0	0	1	0	0	0	0	0	0	0	0	0	0	0	0	0	1	0	0	0	0	2	0	0	0	0	0	0	0	0	0	0	15	0	0	0	0	0	1	0	0	0	0	0	1	0	10	0	0	0	0	0	3	0	0	1	1	0	0	0	6	0	0	0	2020-02-12
2/13/20	0	0	0	0	0	0	0	0	8	0	0	0	0	0	0	0	0	0	0	0	0	0	0	0	0	0	0	0	0	0	1	0	1	0	0	0	6217	0	0	0	0	0	0	0	0	0	0	0	0	0	0	0	0	0	0	0	0	0	0	0	1	2	0	0	0	1	0	0	0	0	0	0	0	0	0	0	0	0	0	0	0	0	0	0	0	0	9	0	0	0	7	0	0	0	0	0	0	0	0	0	0	0	0	0	0	3	0	0	0	0	0	0	0	0	0	0	0	0	0	1	0	0	0	0	0	0	0	0	0	0	0	0	0	1	0	0	0	0	2	0	0	0	0	0	0	0	0	0	0	15	0	0	0	0	0	1	0	0	0	0	0	1	0	12	0	0	0	0	0	3	0	0	1	1	0	0	0	7	0	0	0	2020-02-13
2/14/20	0	0	0	0	0	0	0	0	8	0	0	0	0	0	0	0	0	0	0	0	0	0	0	0	0	0	0	0	0	0	1	0	1	0	0	0	7977	0	0	0	0	0	0	0	0	0	0	0	0	0	0	0	0	0	0	0	0	0	0	0	1	2	0	0	0	1	0	0	0	0	0	0	0	0	0	0	0	0	0	0	0	0	0	0	0	0	9	0	0	0	7	0	0	0	0	0	0	0	0	0	0	0	0	0	0	3	0	0	0	0	0	0	0	0	0	0	0	0	0	1	0	0	0	0	0	0	0	0	0	0	0	0	0	1	0	0	0	0	2	0	0	0	0	0	0	0	0	0	0	17	0	0	0	0	0	1	0	0	0	0	0	2	0	12	0	0	0	0	0	3	0	0	1	1	0	0	0	7	0	0	0	2020-02-14
2/15/20	0	0	0	0	0	0	0	0	8	0	0	0	0	0	0	0	0	0	0	0	0	0	0	0	0	0	0	0	0	0	1	0	1	0	0	0	9298	0	0	0	0	0	0	0	0	0	0	0	0	0	0	0	0	0	0	0	0	0	0	0	1	4	0	0	0	1	0	0	0	0	0	0	0	0	0	0	0	0	0	0	0	0	0	0	0	0	12	0	0	0	9	0	0	0	0	0	0	0	0	0	0	0	0	0	0	7	0	0	0	0	0	0	0	0	0	0	0	0	0	1	0	0	0	0	0	0	0	0	0	0	0	0	0	1	0	0	0	0	2	0	0	0	0	0	0	0	0	0	0	18	0	0	0	0	2	1	0	0	0	0	0	2	0	12	0	0	0	0	0	3	0	0	3	1	0	0	0	7	0	0	0	2020-02-15
2/16/20	0	0	0	0	0	0	0	0	8	0	0	0	0	0	0	0	0	0	0	0	0	0	0	0	0	0	0	0	0	0	1	0	1	0	0	0	10755	0	0	0	0	0	0	0	0	0	0	0	0	0	0	0	0	0	0	0	0	0	0	0	1	4	0	0	0	1	0	0	0	0	0	0	0	0	0	0	0	0	3	0	0	0	0	0	0	0	12	0	0	0	9	0	0	0	0	0	0	0	0	0	0	0	0	0	0	7	0	0	0	0	0	0	0	0	0	0	0	0	0	1	0	0	0	0	0	0	0	0	0	0	0	0	0	1	0	0	0	0	2	0	0	0	0	0	0	0	0	0	0	18	0	0	0	0	2	1	0	0	0	0	0	2	0	14	0	0	0	0	0	3	0	0	4	8	0	0	0	7	0	0	0	2020-02-16
2/17/20	0	0	0	0	0	0	0	0	10	0	0	0	0	0	0	0	1	0	0	0	0	0	0	0	0	0	0	0	0	0	1	0	1	0	0	0	12462	0	0	0	0	0	0	0	0	0	0	0	0	0	0	0	0	0	0	0	0	0	0	0	1	4	0	0	0	1	0	0	0	0	0	0	0	0	0	0	0	0	3	0	0	0	0	0	0	0	12	0	0	0	10	0	0	0	0	0	0	0	0	0	0	0	0	0	0	7	0	0	0	0	0	0	0	0	0	0	0	0	0	1	0	0	0	0	0	0	0	0	0	0	0	0	0	1	0	0	0	0	2	0	0	0	0	0	0	0	0	0	0	24	0	0	0	0	2	1	0	0	0	0	0	2	0	15	0	0	0	0	0	3	0	0	4	8	0	0	0	7	0	0	0	2020-02-17
2/18/20	0	0	0	0	0	0	0	0	10	0	0	0	0	0	0	0	1	0	0	0	0	0	0	0	0	0	0	0	0	0	1	0	1	0	0	0	14206	0	0	0	0	0	0	0	0	0	0	0	0	0	0	0	0	0	0	0	0	0	0	0	1	4	0	0	0	12	0	0	0	0	0	0	0	0	0	0	0	0	3	0	0	0	0	0	0	0	13	0	0	0	12	0	0	0	0	0	0	0	0	0	0	0	0	0	0	13	0	0	0	0	0	0	0	0	0	0	0	0	0	1	0	0	0	0	0	0	0	0	0	0	0	0	0	1	0	0	0	0	2	0	0	0	0	0	0	0	0	0	0	29	0	0	0	0	2	1	0	0	0	0	0	2	0	15	0	0	0	0	0	3	0	0	4	8	0	0	0	7	0	0	0	2020-02-18
2/19/20	0	0	0	0	0	0	0	0	10	0	0	0	0	0	0	0	1	0	0	0	0	0	0	0	0	0	0	0	0	0	1	0	1	0	0	0	15962	0	0	0	0	0	0	0	0	0	0	1	0	0	0	0	0	0	0	0	0	0	0	0	1	4	0	0	0	12	0	0	0	0	0	0	0	0	0	0	0	0	3	0	0	0	0	0	0	0	18	0	0	0	12	0	0	0	0	0	0	0	0	0	0	0	0	0	0	15	0	0	0	0	0	0	0	0	0	0	0	0	0	1	0	0	0	0	0	0	0	0	0	0	0	0	0	1	0	0	0	0	2	0	0	0	0	0	0	0	0	0	0	34	0	0	0	0	2	1	0	0	0	0	0	2	0	15	0	0	0	0	0	3	0	0	4	8	0	0	0	7	0	0	0	2020-02-19
2/20/20	0	0	0	0	0	0	0	0	10	0	0	0	0	0	0	0	1	0	0	0	0	0	0	0	0	0	0	0	0	0	1	0	1	0	0	0	18014	0	0	0	0	0	0	0	0	0	0	1	0	0	0	0	0	0	0	0	0	0	0	0	1	4	0	0	0	12	0	0	0	0	0	0	0	0	0	0	0	0	3	0	0	0	0	0	0	0	18	0	0	0	16	0	0	0	0	0	0	0	0	0	0	0	0	0	0	15	0	0	0	0	0	0	0	0	0	0	0	0	0	1	0	0	0	0	0	0	0	0	0	0	0	0	0	1	0	0	0	0	2	0	0	0	0	0	0	0	0	0	0	34	0	0	0	0	2	1	0	0	0	0	0	2	0	15	0	0	0	0	0	3	0	0	4	8	0	0	0	7	0	0	0	2020-02-20
2/21/20	0	0	0	0	0	0	0	0	11	0	0	0	0	0	0	0	1	0	0	0	0	0	0	0	0	0	0	0	0	0	1	0	3	0	0	0	18704	0	0	0	0	0	0	0	0	0	0	1	0	0	0	0	0	0	0	0	0	0	0	0	1	4	0	0	0	14	0	0	0	0	0	0	0	0	0	0	0	0	3	0	0	0	0	0	0	0	22	0	0	0	16	0	0	0	0	0	0	0	0	0	0	0	0	0	0	15	0	0	0	0	0	0	0	0	0	0	0	0	0	1	0	0	0	0	0	0	0	0	0	0	0	0	0	1	0	0	0	0	2	0	0	0	0	0	0	0	0	0	0	37	0	0	0	0	2	1	0	0	0	0	0	2	0	17	0	0	0	0	0	5	0	0	4	8	0	0	0	14	0	0	0	2020-02-21
2/22/20	0	0	0	0	0	0	0	0	11	0	0	0	0	0	0	0	1	0	0	0	0	0	0	0	0	0	0	0	0	0	1	0	3	0	0	0	22699	0	0	0	0	0	0	0	0	0	0	1	0	0	0	0	0	0	0	0	0	0	0	0	1	4	0	0	0	14	0	0	0	0	0	0	0	0	0	0	0	0	3	0	0	0	0	0	1	0	22	0	0	0	16	0	0	0	0	0	0	0	0	0	0	0	0	0	0	15	0	0	0	0	0	0	0	0	0	0	0	0	0	1	0	0	0	0	0	0	0	0	0	0	0	0	0	1	0	0	0	0	2	0	0	0	0	0	0	0	0	0	0	37	0	0	0	0	2	1	0	0	0	0	0	2	0	17	0	0	0	0	0	5	0	0	4	8	0	0	0	14	0	0	0	2020-02-22
2/23/20	0	0	0	0	0	0	0	0	11	0	0	0	0	0	0	0	1	0	0	0	0	0	0	0	0	0	0	0	0	0	1	0	3	0	0	0	23187	0	0	0	0	0	0	0	0	0	0	0	0	0	0	0	0	0	0	0	0	0	0	0	1	4	0	0	0	14	0	0	0	0	0	0	0	0	0	0	0	0	3	0	0	0	0	0	2	0	22	0	0	0	18	0	0	0	0	0	0	0	0	0	0	0	0	0	0	15	0	0	0	0	0	0	0	0	0	0	0	0	0	1	0	0	0	0	0	0	0	0	0	0	0	0	0	1	0	0	0	0	2	0	0	0	0	0	0	0	0	0	0	51	0	0	0	0	2	1	0	0	0	0	0	2	0	21	0	0	0	0	0	5	0	0	4	8	0	0	0	14	0	0	0	2020-02-23
2/24/20	0	0	0	0	0	0	0	0	11	0	0	0	0	0	0	0	1	0	0	0	0	0	0	0	0	0	0	0	0	0	1	0	3	0	0	0	25015	0	0	0	0	0	0	0	0	0	0	0	0	0	0	0	0	0	0	0	0	0	0	0	1	4	0	0	0	14	0	0	0	0	0	0	0	0	0	0	0	0	3	0	0	0	0	0	1	0	22	0	0	0	18	0	0	0	0	0	0	0	0	0	0	0	0	0	0	18	0	0	0	0	0	0	0	0	0	0	0	0	0	1	0	0	0	0	0	0	0	0	0	0	0	0	0	1	0	0	0	0	2	0	0	0	0	0	0	0	0	0	0	51	0	0	0	0	2	1	0	0	0	0	0	5	0	21	0	0	0	0	0	5	0	0	4	8	0	0	0	14	0	0	0	2020-02-24
2/25/20	0	0	0	0	0	0	0	0	11	0	0	0	0	0	0	0	1	0	0	0	0	0	0	0	0	0	0	0	0	0	1	0	3	0	0	0	27676	0	0	0	0	0	0	0	0	0	0	0	0	0	0	0	0	0	0	0	0	0	0	0	1	11	0	0	0	14	0	0	0	0	0	0	0	0	0	0	0	0	3	0	0	0	0	0	1	0	22	0	0	0	22	0	0	0	0	0	0	0	0	0	0	0	0	0	0	18	0	0	0	0	0	0	0	0	0	0	0	0	0	1	0	0	0	0	0	0	0	0	0	0	0	0	0	1	0	0	0	0	2	0	0	0	0	0	0	0	0	0	0	53	0	0	0	0	2	1	0	0	0	0	0	5	0	22	0	0	0	0	0	6	0	0	4	8	0	0	0	16	0	0	0	2020-02-25
2/26/20	0	0	0	0	0	0	0	0	11	0	0	0	0	0	0	0	1	0	0	0	0	0	0	0	0	0	0	0	0	0	1	0	3	0	0	0	30084	0	0	0	0	0	0	0	0	0	0	10	0	0	0	0	0	0	0	0	0	0	0	0	1	11	0	0	0	15	0	0	0	0	0	0	0	0	0	0	0	0	3	0	49	0	0	0	3	0	22	0	0	0	22	0	0	0	0	0	0	0	0	0	0	0	0	0	0	18	0	0	0	0	0	0	0	0	0	0	0	0	0	1	0	0	0	0	0	0	0	0	0	0	0	0	0	1	0	0	0	0	2	0	0	0	0	0	0	0	0	0	0	62	0	0	0	0	2	1	0	0	0	0	0	5	0	22	0	0	0	0	0	6	0	0	4	8	0	0	0	16	0	0	0	2020-02-26
2/27/20	0	0	0	0	0	0	0	0	11	0	0	0	0	0	0	0	1	0	0	0	0	0	0	0	0	0	0	0	0	0	1	0	6	0	0	0	32930	0	0	0	0	0	0	0	0	0	0	10	0	0	0	0	0	0	0	0	0	0	0	0	1	11	0	0	0	16	0	0	0	0	0	0	0	0	0	0	0	0	3	0	49	0	0	1	45	0	22	0	0	0	22	0	0	0	0	0	0	0	0	0	0	0	0	0	0	18	0	0	0	0	0	0	0	0	0	0	0	0	0	1	0	0	0	0	0	0	0	0	0	0	0	0	0	1	0	0	0	0	2	0	0	0	0	0	0	0	0	0	0	62	0	0	0	0	2	1	0	0	0	0	0	5	0	22	0	0	0	0	0	6	0	0	4	8	0	0	0	16	0	0	0	2020-02-27
2/28/20	0	0	0	0	0	0	0	0	11	0	0	0	0	0	0	0	1	0	0	0	0	0	0	0	0	0	0	0	0	0	1	0	6	0	0	0	36329	0	0	0	0	0	0	0	0	0	0	10	0	0	0	0	1	0	0	0	0	0	0	0	1	11	0	0	0	16	0	0	0	0	0	0	0	0	0	0	0	0	3	0	73	0	0	1	46	0	22	0	0	0	22	0	0	0	0	0	0	0	0	0	0	0	0	0	0	18	0	0	0	0	0	0	0	0	0	0	0	0	0	1	0	0	0	0	0	0	0	0	0	0	0	0	0	1	0	0	0	0	2	0	0	0	0	0	0	0	0	0	0	62	0	0	0	0	2	1	0	0	0	0	0	6	0	28	0	0	0	0	0	7	0	0	5	8	0	0	0	16	0	0	0	2020-02-28
2/29/20	0	0	0	0	0	0	0	0	11	0	0	0	0	0	0	0	1	0	0	0	0	0	0	0	0	0	0	0	0	0	1	0	6	0	0	0	39320	0	0	0	0	0	0	0	0	0	0	10	0	0	0	0	1	0	0	0	0	0	0	0	1	12	0	0	0	16	0	0	0	0	0	0	0	0	0	0	0	0	3	0	123	0	0	1	46	0	32	0	0	0	27	0	0	0	0	0	0	0	0	0	0	0	0	0	0	18	0	0	0	0	0	0	0	0	0	0	0	0	0	1	0	0	0	0	0	0	0	1	0	0	0	0	0	1	0	0	0	0	2	0	0	0	0	0	0	0	0	0	0	72	0	0	0	0	2	1	0	0	0	0	0	9	0	28	0	0	0	0	0	7	0	0	5	8	0	0	0	16	0	0	0	2020-02-29
3/1/20	0	0	0	0	0	0	0	0	11	0	0	0	0	0	0	0	1	0	0	0	0	0	0	0	0	0	0	0	0	0	1	0	6	0	0	0	42162	0	0	0	0	0	0	0	0	0	0	10	0	0	0	0	1	0	0	0	0	0	0	0	1	12	0	0	0	16	0	0	0	0	0	0	0	0	0	0	0	0	3	0	175	0	0	1	83	0	32	0	0	0	30	0	0	0	0	0	0	0	0	0	0	0	0	0	0	18	0	0	0	0	0	0	0	0	0	0	0	0	0	1	0	0	0	0	0	0	0	1	0	0	0	0	0	1	0	0	0	0	2	0	0	0	0	0	0	0	0	0	0	72	0	0	0	0	2	1	0	0	0	0	0	9	0	28	0	0	0	0	0	7	0	0	5	8	0	0	0	16	0	0	0	2020-03-01
3/2/20	0	0	0	0	0	0	0	0	11	0	0	0	0	0	0	0	1	0	0	0	0	0	0	0	0	0	0	0	0	0	1	0	6	0	0	0	44854	0	0	0	0	0	0	0	0	0	0	10	0	0	0	0	1	0	0	0	0	0	0	0	1	12	0	0	0	16	0	0	0	0	0	0	0	0	0	0	0	0	3	0	291	0	0	1	149	0	32	0	0	0	30	0	0	0	0	0	0	0	0	0	0	0	0	0	0	18	0	0	0	0	0	0	0	0	0	0	0	0	0	1	0	0	0	0	0	0	0	1	0	0	0	0	0	1	0	0	0	0	2	0	0	0	0	0	0	0	0	0	0	78	0	0	0	0	2	1	0	0	0	0	0	12	0	31	0	0	0	0	0	7	0	0	5	8	0	0	0	16	0	0	0	2020-03-02
3/3/20	0	0	0	0	0	0	0	0	11	0	0	0	0	0	0	0	1	0	0	0	0	0	0	0	0	0	0	0	0	0	1	0	6	0	0	0	47450	0	0	0	0	0	0	0	0	0	0	10	0	0	0	0	1	0	0	0	0	0	0	0	1	12	0	0	0	16	0	0	0	0	0	0	0	0	0	0	0	0	3	0	291	0	0	1	160	0	43	0	0	0	30	0	0	0	0	0	0	0	0	0	0	0	0	0	0	22	0	0	0	0	0	1	0	0	0	0	0	0	0	1	0	0	0	0	0	0	0	2	0	0	0	0	0	1	0	0	0	0	2	0	0	0	0	0	0	0	0	0	0	78	0	0	0	0	2	1	0	0	0	2	0	12	0	31	0	0	0	0	0	7	0	0	5	8	0	0	0	16	0	0	0	2020-03-03
3/4/20	0	0	0	0	0	0	0	0	11	0	0	0	0	0	0	0	1	0	0	0	0	0	0	0	0	0	0	0	0	0	1	0	6	0	0	0	50001	0	0	0	0	0	0	0	0	0	0	10	0	0	0	0	1	0	0	0	0	0	0	0	1	12	0	0	0	16	0	0	0	0	0	0	0	0	0	0	0	0	3	0	552	0	0	1	276	0	43	0	0	0	41	0	0	0	0	0	1	0	0	0	0	0	0	0	0	22	0	0	0	0	0	1	0	0	0	0	0	0	0	1	0	0	0	0	0	0	0	2	0	0	0	0	0	1	0	0	0	1	2	0	0	0	0	0	0	0	0	0	0	78	0	0	0	0	2	1	0	0	0	3	0	12	0	31	0	0	0	0	0	7	0	0	5	8	0	0	0	16	0	0	0	2020-03-04
3/5/20	0	0	0	0	0	0	0	0	21	0	0	0	0	0	0	0	1	0	0	0	0	0	0	0	0	0	0	0	0	0	1	0	6	0	0	0	52292	0	0	0	0	0	0	0	0	0	0	10	0	0	0	0	1	0	0	0	0	0	0	0	1	12	0	0	0	16	0	0	0	0	0	0	0	0	0	0	0	0	3	0	739	0	0	1	414	0	43	0	0	0	41	0	0	0	0	0	1	0	0	0	0	0	0	0	0	22	0	0	0	0	0	1	0	0	0	0	0	0	0	1	0	0	0	0	0	0	0	2	0	0	0	0	0	1	0	0	0	1	2	0	0	0	0	0	0	0	0	0	0	78	0	0	0	0	2	1	0	0	0	3	0	12	0	31	0	0	0	0	0	7	0	0	5	8	0	0	0	16	0	0	0	2020-03-05
3/6/20	0	0	0	0	0	0	0	0	21	0	0	0	4	0	0	0	1	0	0	0	0	0	0	0	0	0	0	0	0	0	1	0	6	0	0	0	53944	0	0	0	0	0	0	0	0	0	1	40	0	0	0	0	1	0	0	0	0	0	0	0	1	12	0	0	0	17	0	0	0	0	0	0	0	0	0	0	0	0	3	0	913	0	0	2	523	0	46	0	0	0	135	0	0	0	0	0	1	0	0	0	0	0	0	0	0	22	0	0	0	0	0	1	0	0	0	0	0	0	0	1	0	0	0	0	0	0	0	2	0	0	0	0	0	1	0	0	0	1	2	0	0	0	0	0	0	0	0	0	0	78	0	0	0	0	2	1	0	0	0	3	0	12	0	31	0	0	0	0	0	7	0	0	5	8	0	0	0	16	0	0	0	2020-03-06
3/7/20	0	0	0	0	0	0	0	0	21	0	0	0	4	0	0	0	1	0	0	0	0	0	0	0	0	0	0	0	0	0	1	0	8	0	0	0	55539	0	0	0	0	0	0	0	0	0	1	40	0	0	0	0	1	0	0	0	0	0	0	0	1	12	0	0	0	18	0	0	0	0	0	0	0	0	0	0	0	0	3	0	1669	0	0	2	589	0	76	0	0	0	135	0	0	0	0	0	1	0	0	0	0	0	0	0	0	23	0	0	0	0	0	1	0	0	0	0	0	0	0	1	0	0	0	0	0	0	0	2	0	0	0	0	0	1	0	0	0	3	2	0	0	0	0	0	0	0	0	0	0	78	0	0	0	0	30	1	0	0	0	3	0	12	0	31	0	0	0	0	0	7	0	0	7	18	0	0	0	16	0	0	0	2020-03-07
3/8/20	0	0	0	0	0	0	0	0	21	0	0	0	4	0	0	0	1	0	0	0	0	0	0	0	0	0	0	0	0	0	1	0	8	0	0	0	57388	0	0	0	0	0	0	0	0	0	1	40	0	0	0	0	1	0	0	0	0	0	0	0	1	12	0	0	0	18	0	0	0	0	0	0	0	0	0	0	0	0	3	0	2134	0	0	2	622	0	76	0	0	0	118	0	1	0	0	0	1	0	0	0	0	0	0	0	0	24	0	0	0	0	0	1	0	0	0	0	0	0	0	1	0	0	0	0	0	0	0	2	1	0	0	0	0	1	0	0	0	3	3	0	0	0	0	0	0	1	0	0	0	78	0	0	0	0	30	1	0	0	0	3	0	13	0	31	0	0	0	0	0	7	0	0	7	18	0	0	0	16	0	0	0	2020-03-08
3/9/20	0	0	0	0	0	0	0	0	21	2	0	0	14	0	0	1	1	0	0	0	0	0	0	0	0	0	0	0	0	0	1	0	8	0	0	0	58804	0	0	0	0	0	0	0	0	0	1	40	0	0	0	0	1	0	0	0	0	0	0	0	1	12	0	0	0	18	0	0	0	0	0	0	0	0	0	0	0	0	3	0	2394	3	0	2	724	0	76	0	0	0	118	0	1	0	0	0	1	0	0	0	0	0	0	0	0	24	0	0	0	0	0	1	0	0	0	0	0	0	0	1	0	0	0	0	0	0	1	2	1	0	0	0	0	1	0	0	0	3	3	0	0	0	0	0	0	1	0	0	0	78	0	0	0	0	32	1	0	0	1	3	0	15	0	31	0	0	0	0	0	7	0	0	7	18	0	0	0	16	0	0	0	2020-03-09
3/10/20	0	0	0	0	0	0	0	0	21	4	0	0	22	0	0	3	1	0	0	0	0	0	0	0	0	0	0	0	0	0	1	0	8	0	0	0	60181	0	0	0	0	0	0	0	0	0	1	40	0	0	0	0	1	0	0	0	0	0	0	0	1	12	0	0	0	18	0	0	0	0	0	0	0	0	0	0	0	1	4	2	2731	3	0	4	724	0	101	0	0	0	247	0	1	0	0	1	1	0	0	0	0	0	0	0	0	24	0	0	0	0	0	4	0	0	0	0	0	0	0	1	0	0	0	0	0	0	1	9	1	0	0	0	0	2	0	0	0	3	3	0	0	0	0	0	1	1	0	0	0	78	0	0	0	0	32	1	0	0	1	3	0	17	0	33	0	0	0	0	0	8	0	0	12	19	0	0	0	16	0	0	0	2020-03-10
3/11/20	0	0	0	0	0	0	0	0	21	4	3	0	35	0	0	3	1	0	0	0	0	0	0	0	0	0	0	0	0	0	1	0	8	0	0	0	61644	0	0	0	0	0	0	0	0	0	1	325	0	0	0	0	27	0	0	0	0	0	0	0	1	12	0	0	0	25	0	0	0	0	0	0	0	0	0	0	0	1	4	2	2959	15	0	4	1045	0	118	0	0	0	288	0	2	0	0	1	1	0	0	0	0	0	0	0	0	26	0	0	0	0	0	4	0	0	0	0	0	0	0	1	0	0	0	0	0	0	1	9	2	0	0	0	0	2	0	0	0	6	3	0	0	0	0	0	1	1	0	0	0	96	0	0	0	0	183	1	0	0	1	4	0	17	0	34	0	0	0	0	0	8	0	0	17	19	0	0	0	16	0	0	0	2020-03-11
3/12/20	0	0	8	1	0	0	0	0	21	4	3	0	35	0	0	3	1	0	0	0	0	0	0	0	0	0	0	0	0	0	1	0	8	0	0	0	62901	0	0	0	0	0	0	0	0	0	1	325	0	0	0	0	27	0	0	0	0	0	0	0	1	12	0	0	0	25	0	0	0	0	0	0	0	0	0	0	0	1	4	2	2959	15	0	4	1045	0	118	0	0	0	333	0	5	0	0	1	1	0	0	0	0	0	0	0	0	26	0	0	0	0	0	4	0	0	0	0	0	0	0	1	0	0	0	0	0	0	1	9	2	0	0	0	0	2	0	0	0	6	3	0	0	0	0	0	1	1	0	0	0	96	0	0	0	0	183	1	0	0	1	4	0	20	0	34	0	0	0	0	0	12	0	0	17	19	0	0	0	16	0	0	0	2020-03-12
3/13/20	0	0	8	0	0	0	0	0	23	6	3	0	44	0	0	3	1	0	0	0	0	0	0	0	0	0	0	0	0	0	1	0	8	0	0	0	64196	0	0	0	0	0	1	0	0	0	1	325	0	0	0	0	27	0	0	0	0	0	0	0	1	12	0	0	0	46	0	0	0	0	0	0	0	0	0	0	0	1	4	2	2959	24	0	4	1439	0	118	1	0	0	510	0	5	0	0	1	1	0	0	0	0	0	0	0	0	26	0	0	1	0	0	4	0	0	0	0	1	0	0	1	0	0	0	0	0	1	1	9	2	0	0	0	0	2	0	1	0	7	3	0	0	0	0	0	1	1	0	0	0	97	0	0	0	0	193	1	0	0	1	4	0	20	0	35	0	0	0	0	0	12	0	0	17	19	0	0	0	16	0	0	0	2020-03-13
3/14/20	0	0	12	1	0	0	1	0	23	6	3	0	44	0	0	3	1	0	0	0	0	0	0	0	0	0	0	0	0	0	1	0	8	0	0	0	65660	0	0	0	0	0	1	0	0	0	1	325	0	0	0	0	27	0	0	0	0	0	0	0	1	12	0	0	0	46	0	8	0	0	0	0	0	0	0	0	1	1	4	8	2959	26	0	4	1966	0	118	1	0	0	510	0	5	0	0	1	1	0	0	0	0	0	0	0	0	35	0	0	1	0	0	4	0	0	0	0	1	0	0	1	2	0	0	0	0	1	1	9	2	0	0	0	0	2	0	2	4	9	8	0	0	0	0	4	1	1	0	0	0	105	0	0	0	0	517	1	0	0	1	4	0	20	0	35	0	0	0	0	0	12	0	0	17	19	0	0	0	16	0	0	0	2020-03-14
3/15/20	0	0	12	1	0	0	1	0	23	6	6	0	60	0	0	3	1	0	0	0	0	0	0	0	0	0	0	0	0	0	1	0	8	0	0	0	67017	0	0	0	0	0	1	0	0	0	1	325	0	0	0	0	21	0	0	0	1	0	0	0	10	12	0	0	0	46	0	8	0	0	0	0	0	0	0	0	1	8	13	8	4590	26	0	4	2335	0	118	1	0	0	510	0	5	0	0	1	1	0	0	0	1	0	0	0	0	42	0	0	1	0	0	4	0	0	0	0	1	0	0	1	2	0	0	0	0	1	1	9	2	0	0	0	0	2	0	2	4	9	8	0	0	0	0	4	1	1	0	0	0	105	0	0	0	0	517	1	0	0	1	4	0	20	0	35	0	0	0	0	0	12	0	0	23	19	0	0	0	16	0	0	0	2020-03-15
3/16/20	1	0	12	1	0	0	1	0	23	6	6	0	77	2	0	3	1	0	0	0	0	0	0	1	0	0	0	0	0	0	1	0	9	0	0	0	67910	0	0	0	0	0	2	0	0	3	1	325	0	0	0	0	27	0	0	0	1	0	0	0	10	12	0	0	1	67	0	8	0	0	0	0	0	0	0	0	1	0	13	8	4590	26	0	4	2749	2	144	1	0	0	1137	0	9	0	0	1	1	0	0	0	1	0	0	0	0	42	0	0	2	0	0	4	0	0	0	0	1	0	0	1	2	0	0	0	0	1	1	9	2	0	0	0	0	2	13	3	4	9	8	0	0	0	0	4	2	2	1	0	0	109	0	0	0	0	530	1	0	0	1	4	0	20	0	35	0	0	0	0	0	17	0	0	23	21	0	0	0	16	0	0	0	2020-03-16
3/17/20	1	0	12	1	0	0	3	1	23	1	6	0	81	3	0	3	1	0	0	0	0	2	0	2	0	0	0	0	0	0	1	0	9	0	0	0	68798	1	0	0	0	1	4	0	0	3	1	325	0	0	0	0	32	0	0	0	1	0	0	0	10	12	0	0	1	67	0	8	0	0	0	0	0	0	0	0	2	0	14	8	5389	32	5	11	2941	2	144	1	0	0	1407	0	9	0	0	1	3	0	0	0	1	0	0	0	0	49	0	0	2	0	0	4	1	0	0	0	1	0	0	1	2	0	0	0	0	1	1	9	2	0	0	0	1	5	13	3	4	16	8	0	0	0	0	4	6	2	1	0	0	114	0	0	0	0	1028	1	0	0	1	4	0	22	0	41	0	0	0	0	0	17	0	0	23	53	0	0	0	16	0	0	0	2020-03-17
3/18/20	1	0	12	1	0	0	3	1	23	9	6	0	88	3	0	5	31	0	0	0	0	2	0	2	0	0	0	0	0	0	1	0	9	0	0	0	69755	1	0	0	0	1	4	0	0	3	1	325	0	0	0	0	32	0	0	0	1	0	0	0	10	12	0	0	1	105	0	8	0	0	0	0	0	0	0	0	2	5	14	11	5389	43	5	11	4025	2	144	1	0	0	1540	0	15	0	0	1	3	0	0	0	1	0	0	0	0	60	0	0	2	0	0	4	1	0	0	0	1	0	0	1	2	0	0	0	1	1	1	12	2	0	0	0	1	5	13	3	4	19	8	0	0	0	0	4	6	2	1	0	0	114	0	0	0	0	1081	1	0	0	1	15	0	22	0	42	0	0	0	0	0	105	0	0	26	67	0	0	0	16	0	0	0	2020-03-18
3/19/20	1	0	32	1	0	0	3	1	26	9	6	0	100	3	0	5	31	0	0	0	0	2	0	2	0	0	0	0	0	0	1	0	9	0	0	0	70535	1	0	0	0	1	5	0	0	3	1	325	0	0	0	0	32	0	0	0	1	0	0	0	10	12	0	0	1	113	0	8	0	0	0	0	0	0	0	0	2	5	15	11	5710	43	5	11	4440	2	150	1	0	0	1540	0	18	0	0	1	4	0	0	0	1	0	0	0	0	75	0	0	2	0	0	4	1	0	0	0	1	0	0	1	2	0	0	0	1	1	1	12	13	0	0	0	1	8	1	3	4	25	9	0	0	0	0	4	6	2	1	0	0	114	0	0	0	0	1107	3	0	0	16	15	0	26	0	42	0	0	0	0	0	121	0	0	31	67	0	0	0	16	0	0	0	2020-03-19
3/20/20	1	0	32	1	0	0	3	1	26	9	6	0	100	3	0	5	1	0	0	0	0	2	0	2	1	0	0	0	0	0	1	0	9	0	0	6	71266	1	0	0	0	1	5	0	0	4	1	325	0	0	0	0	39	0	0	0	1	0	0	0	10	12	0	0	1	180	0	19	0	0	0	0	0	0	0	0	2	5	20	15	6745	49	5	14	4440	2	191	1	0	0	1540	0	18	0	0	1	4	0	0	0	1	0	0	0	0	87	0	0	2	0	0	4	1	0	0	0	1	0	0	1	2	0	0	0	1	1	1	12	13	0	0	0	1	8	1	5	10	25	9	0	0	0	0	4	8	2	1	0	0	124	0	0	0	0	1588	3	0	0	16	15	0	26	0	42	0	1	0	0	0	147	0	0	31	67	0	0	0	16	17	0	0	2020-03-20
3/21/20	1	2	32	1	0	0	3	1	26	9	11	0	125	3	0	15	263	0	0	0	0	2	0	2	2	3	5	0	0	0	1	0	10	0	0	6	71857	1	0	0	2	1	5	0	0	6	1	325	0	0	0	3	41	0	0	0	1	0	0	0	10	12	0	0	1	233	0	19	0	0	0	0	0	0	0	0	7	22	23	15	7635	51	5	36	6072	2	232	1	0	0	1540	0	27	0	0	1	4	0	0	0	1	0	0	0	0	114	0	0	2	0	0	4	1	0	0	0	3	0	0	1	2	0	0	0	1	1	1	12	13	0	0	0	1	13	1	5	27	52	12	0	0	0	0	4	16	5	1	0	0	140	0	0	0	0	2125	1	0	0	16	15	0	28	0	42	0	1	1	0	0	176	0	1	38	67	0	0	0	17	17	0	0	2020-03-21
3/22/20	1	2	65	1	0	0	3	2	88	9	10	0	149	3	0	15	263	0	0	0	0	2	0	2	2	3	5	0	0	0	1	0	10	0	0	8	72362	3	0	0	2	1	5	0	3	6	1	325	0	0	0	3	56	0	0	0	2	0	4	0	10	2206	0	0	3	266	0	19	0	0	0	0	0	0	0	0	16	36	27	29	7931	57	5	37	7024	2	235	1	0	0	2909	0	27	0	0	1	8	0	0	0	1	6	0	0	0	139	0	0	2	0	0	4	1	1	0	0	3	0	0	1	2	0	0	0	2	1	1	17	5	0	0	0	1	17	1	5	33	64	16	0	0	0	0	4	16	5	1	0	0	144	7	0	0	0	2575	3	0	0	16	131	0	28	0	44	0	1	1	1	0	178	0	1	38	67	0	0	15	17	17	0	0	2020-03-22
3/23/20	1	2	65	1	0	0	3	2	88	9	10	0	149	3	0	15	263	0	0	0	0	2	0	2	2	3	5	0	0	0	1	0	10	0	0	8	72814	3	0	0	2	1	5	0	3	6	1	325	0	0	0	3	56	0	0	0	2	0	4	0	10	2206	0	0	3	266	0	19	0	0	0	0	0	0	0	0	16	36	27	29	7931	57	5	37	7024	2	235	1	0	0	2909	0	27	0	0	1	8	0	0	0	1	6	0	0	0	139	0	0	2	0	0	4	1	1	0	0	3	0	0	1	2	0	0	0	2	1	1	17	5	0	0	0	1	17	1	5	33	64	16	0	0	0	0	4	16	5	1	0	0	144	7	0	0	0	2575	3	0	0	16	131	0	28	0	44	0	1	1	1	0	178	0	1	38	67	0	0	15	17	17	0	0	2020-03-23
3/24/20	1	10	24	1	0	0	52	14	115	9	10	1	177	5	0	22	461	0	0	0	0	2	0	2	2	3	7	0	0	0	4	0	110	0	0	17	73280	6	0	0	2	2	5	1	3	10	36	325	0	0	3	3	80	0	0	0	7	0	0	0	10	3250	0	0	9	3243	0	29	0	0	0	0	0	0	0	0	21	51	40	30	8913	75	5	53	8326	2	285	1	0	0	3507	0	39	0	0	1	8	0	0	0	1	6	0	0	0	183	5	0	2	0	0	4	2	1	0	0	6	0	2	1	3	12	0	0	2	1	6	17	18	1	0	0	1	20	1	22	41	79	22	0	0	0	0	4	28	8	15	0	0	156	7	0	0	4	3794	2	0	0	16	131	0	29	0	52	0	1	0	1	0	348	0	1	45	140	0	0	15	17	17	0	0	2020-03-24
3/25/20	2	17	65	1	0	0	52	16	119	9	10	1	177	7	0	29	547	0	0	0	0	2	0	2	2	4	10	0	0	0	10	2	183	0	0	22	73773	8	0	0	2	3	22	1	3	10	41	587	0	0	3	3	95	0	0	0	8	0	0	0	10	3907	0	0	10	3547	0	36	0	4	0	0	0	0	0	0	21	56	43	31	9625	103	5	58	9362	2	310	1	0	1	3730	0	43	0	0	1	20	0	0	0	1	6	0	0	0	199	8	0	2	0	0	4	2	1	0	0	7	0	2	1	4	22	0	0	2	1	6	17	21	1	0	0	1	26	7	22	41	86	29	0	0	0	0	4	29	9	15	0	0	160	7	10	0	12	5367	3	0	0	16	131	0	29	0	70	0	1	0	2	26	361	0	1	52	140	0	0	15	17	17	0	0	2020-03-25
3/26/20	2	17	29	1	0	0	63	18	172	112	15	1	204	11	0	29	675	0	0	0	0	2	0	6	5	8	10	0	0	0	10	2	184	0	0	22	74181	8	0	0	2	3	22	1	4	10	50	597	0	0	3	3	102	0	0	0	8	0	0	0	10	4955	0	0	11	5673	1	36	0	4	0	0	0	0	0	0	28	82	45	35	10457	105	5	68	10361	2	359	1	2	1	4144	0	49	0	0	1	23	0	0	0	1	6	0	0	0	215	8	0	2	0	0	4	2	1	0	0	8	0	2	1	6	27	0	0	2	3	6	23	21	2	0	0	14	28	7	43	43	94	38	0	0	0	0	4	33	9	0	0	0	172	2	10	0	12	7015	7	0	0	16	131	0	29	0	88	0	1	0	2	26	681	0	1	52	150	0	0	15	20	17	0	0	2020-03-26
3/27/20	2	31	29	1	0	0	72	28	194	225	15	1	227	11	0	32	858	0	0	0	0	5	0	6	11	9	12	0	0	0	11	2	256	0	0	43	74720	10	0	2	3	3	37	4	15	11	57	597	0	0	3	3	116	0	0	0	11	0	0	0	10	5707	0	0	14	6658	2	52	0	4	0	0	0	0	0	0	34	97	73	46	11133	122	5	79	10950	2	372	18	3	1	4528	1	57	0	0	1	27	0	0	0	1	40	0	0	0	259	9	0	2	0	0	4	2	1	0	0	11	0	2	1	6	37	0	0	3	3	6	23	23	2	0	1	16	31	7	43	43	115	45	0	0	1	0	4	35	11	0	0	0	183	2	10	0	31	9357	7	0	0	16	1530	0	29	1	97	0	1	1	2	42	869	0	5	52	151	0	5	31	20	17	0	0	2020-03-27
3/28/20	2	31	31	1	0	0	72	30	244	225	15	1	265	15	0	32	1063	0	0	0	0	5	0	6	25	11	21	0	0	0	13	2	466	0	0	61	75100	10	0	2	3	3	45	4	15	11	57	597	0	0	3	3	121	0	0	0	20	0	1	0	10	5724	0	0	14	8481	2	52	0	10	0	0	0	0	0	3	34	114	84	59	11679	131	5	89	12384	2	404	18	16	1	4811	1	64	0	0	1	30	0	0	0	1	40	0	0	0	320	9	0	2	0	0	4	2	1	0	0	11	0	2	1	6	50	0	0	3	3	7	23	29	2	0	1	16	35	7	43	45	139	49	0	0	1	1	6	37	18	0	0	0	198	2	10	0	31	12285	9	0	0	16	1530	0	30	1	97	0	1	1	2	70	1072	0	5	52	151	0	5	39	21	18	0	0	2020-03-28
3/29/20	2	33	31	1	0	0	72	30	244	479	15	1	272	15	0	32	1359	0	0	0	0	8	0	6	34	14	23	0	0	0	21	5	466	0	0	75	75582	10	0	2	3	4	52	4	15	11	73	603	0	0	3	3	132	0	0	0	20	0	1	0	10	7226	0	0	18	9211	2	52	0	10	0	0	0	1	0	3	34	135	95	64	12391	143	5	132	13030	2	424	18	20	1	5033	1	67	0	0	1	30	0	0	0	1	40	0	0	0	388	13	0	2	2	0	4	2	1	0	0	13	0	2	1	253	56	0	0	3	3	7	23	29	4	0	1	16	42	7	43	48	206	64	0	0	1	1	6	66	27	0	0	0	212	2	10	0	31	14709	11	0	0	16	1595	0	30	1	97	0	1	1	2	105	2665	0	6	58	151	0	7	39	25	18	0	0	2020-03-29
3/30/20	2	44	37	10	0	0	228	30	257	636	26	1	279	19	0	32	1527	0	0	0	0	17	0	120	38	17	31	0	0	0	21	5	466	0	0	156	75923	15	0	2	4	6	67	4	22	25	73	603	0	0	4	3	150	0	0	0	20	0	4	0	10	7964	0	0	20	13500	2	52	0	10	0	0	0	1	0	3	34	157	102	75	13911	152	5	161	14620	2	424	26	21	1	5228	1	72	3	0	1	35	0	0	0	7	40	0	0	0	479	13	0	2	2	0	35	15	1	2	0	15	0	2	1	253	63	0	0	8	12	12	29	76	4	0	1	53	42	7	43	51	209	66	0	0	1	1	13	115	27	0	0	0	228	7	10	0	31	16780	15	0	0	16	1823	0	39	1	229	0	1	1	3	162	5644	0	8	61	171	0	7	39	55	18	0	0	2020-03-30
3/31/20	5	52	46	10	1	0	240	30	358	1095	26	1	295	25	0	47	1696	0	1	0	0	17	0	127	45	17	32	0	0	0	23	5	1592	0	0	156	76206	31	0	2	4	7	67	8	23	45	77	603	0	0	5	54	157	0	1	0	26	0	2	0	10	9513	0	0	21	16100	31	52	0	12	0	0	0	1	0	3	37	198	123	81	14656	170	5	224	15729	2	424	30	24	1	5408	6	73	3	0	1	37	0	1	0	7	80	0	0	0	537	13	0	2	2	0	35	18	2	2	0	24	0	2	1	253	74	0	0	8	12	13	34	76	9	0	1	394	49	7	43	62	220	121	0	0	1	1	13	165	40	0	0	0	240	3	10	1	31	19259	17	1	0	16	1823	0	39	1	342	0	10	1	3	243	7024	0	10	61	179	41	7	39	58	18	0	0	2020-03-31
4/1/20	5	67	61	10	1	0	248	31	422	1436	26	1	337	25	0	53	2132	0	1	0	1	19	0	127	52	20	46	0	0	0	25	10	1324	0	0	234	76405	39	0	3	4	9	73	12	28	61	971	603	0	0	9	58	179	0	1	0	33	0	2	0	10	11053	0	2	23	18700	31	52	0	12	0	0	0	1	0	3	40	225	148	103	15473	182	5	241	16847	2	472	36	26	3	5567	10	80	3	0	1	43	0	0	0	7	80	0	0	0	645	13	0	2	2	0	35	23	2	2	0	29	0	2	1	260	83	0	0	9	17	13	34	94	9	0	1	394	50	47	43	71	252	190	0	0	1	1	13	264	45	0	0	0	245	3	10	1	50	22647	21	2	0	103	2967	0	39	1	505	0	10	1	5	333	8474	0	13	61	179	41	12	41	63	18	0	0	2020-04-01
4/2/20	10	76	61	10	1	0	256	33	520	1749	26	1	381	25	0	53	2495	0	1	1	1	20	0	127	56	25	50	0	0	0	34	10	1735	0	0	335	76565	55	2	3	6	15	88	13	28	67	1172	619	0	0	16	65	201	0	1	0	45	0	3	0	300	12548	0	2	26	22440	31	61	0	12	0	0	0	1	0	3	42	284	191	112	16711	202	5	338	18278	2	472	45	27	4	5828	10	81	5	0	31	46	0	0	0	7	80	0	0	0	767	13	0	2	2	0	35	23	2	2	0	31	0	3	1	260	92	0	0	20	17	32	57	125	9	0	2	537	51	56	68	72	267	235	0	0	1	1	21	328	55	0	0	0	266	5	70	1	50	26743	21	2	0	103	4013	0	45	2	505	0	17	1	5	415	9001	0	19	96	192	62	25	43	75	18	0	0	2020-04-02
4/3/20	10	89	62	16	1	0	266	43	649	2022	32	1	382	26	0	53	2872	0	2	2	1	27	0	127	65	30	50	0	0	0	35	17	2175	0	0	427	76760	55	2	3	11	19	92	15	28	72	1287	619	8	0	16	65	216	0	1	0	48	0	3	0	300	14135	1	2	28	24575	31	78	0	12	2	0	0	1	0	3	43	309	192	134	17935	226	5	403	19758	2	514	58	29	4	6021	10	82	6	0	1	50	0	0	0	7	500	0	0	0	827	13	0	2	2	0	633	26	3	2	1	57	0	3	1	260	103	0	0	25	20	32	57	126	10	0	6	537	52	56	68	93	283	281	0	0	1	1	21	351	66	0	0	0	282	10	70	1	95	30513	24	2	0	205	4846	0	50	3	612	0	17	1	5	484	9707	0	22	108	208	68	25	52	85	21	2	0	2020-04-03
